CREATE TABLE IF NOT EXISTS "auth_group" ("id" integer NOT NULL PRIMARY KEY AUTOINCREMENT, "name" varchar(150) NOT NULL UNIQUE);
CREATE UNIQUE INDEX "auth_group_permissions_group_id_permission_id_0cd325b0_uniq" ON "auth_group_permissions" ("group_id", "permission_id");
CREATE INDEX IF NOT EXISTS "auth_group_permissions_group_id_b120cbf9" ON "auth_group_permissions" ("group_id");
CREATE INDEX IF NOT EXISTS "auth_group_permissions_permission_id_84c5c92e" ON "auth_group_permissions" ("permission_id");
CREATE UNIQUE INDEX "auth_user_groups_user_id_group_id_94350c0c_uniq" ON "auth_user_groups" ("user_id", "group_id");
CREATE INDEX IF NOT EXISTS "auth_user_groups_user_id_6a12ed8b" ON "auth_user_groups" ("user_id");
CREATE INDEX IF NOT EXISTS "auth_user_groups_group_id_97559544" ON "auth_user_groups" ("group_id");
CREATE UNIQUE INDEX "auth_user_user_permissions_user_id_permission_id_14a6b632_uniq" ON "auth_user_user_permissions" ("user_id", "permission_id");
CREATE INDEX IF NOT EXISTS "auth_user_user_permissions_user_id_a95ead1b" ON "auth_user_user_permissions" ("user_id");
CREATE INDEX IF NOT EXISTS "auth_user_user_permissions_permission_id_1fbb5f2c" ON "auth_user_user_permissions" ("permission_id");
CREATE INDEX IF NOT EXISTS "django_admin_log_content_type_id_c4bce8eb" ON "django_admin_log" ("content_type_id");
CREATE INDEX IF NOT EXISTS "django_admin_log_user_id_c564eba6" ON "django_admin_log" ("user_id");
CREATE UNIQUE INDEX "django_content_type_app_label_model_76bd3d3b_uniq" ON "django_content_type" ("app_label", "model");
CREATE UNIQUE INDEX "auth_permission_content_type_id_codename_01ab375a_uniq" ON "auth_permission" ("content_type_id", "codename");
CREATE INDEX IF NOT EXISTS "auth_permission_content_type_id_2f476e4b" ON "auth_permission" ("content_type_id");
CREATE INDEX IF NOT EXISTS "django_session_expire_date_a5c62663" ON "django_session" ("expire_date");
CREATE INDEX IF NOT EXISTS "shop_measurement_dress_id_71ffe354" ON "shop_measurement" ("dress_id");
CREATE INDEX IF NOT EXISTS "shop_measurement_user_id_0bd2e20d" ON "shop_measurement" ("user_id");
CREATE INDEX IF NOT EXISTS "shop_dress_tailor_id_792867ea" ON "shop_dress" ("tailor_id");
CREATE TABLE IF NOT EXISTS "auth_group_permissions" ("id" integer NOT NULL PRIMARY KEY AUTOINCREMENT, "group_id" integer NOT NULL REFERENCES "auth_group" ("id") DEFERRABLE INITIALLY DEFERRED, "permission_id" integer NOT NULL REFERENCES "auth_permission" ("id") DEFERRABLE INITIALLY DEFERRED);
CREATE UNIQUE INDEX "auth_group_permissions_group_id_permission_id_0cd325b0_uniq" ON "auth_group_permissions" ("group_id", "permission_id");
CREATE INDEX IF NOT EXISTS "auth_group_permissions_group_id_b120cbf9" ON "auth_group_permissions" ("group_id");
CREATE INDEX IF NOT EXISTS "auth_group_permissions_permission_id_84c5c92e" ON "auth_group_permissions" ("permission_id");
CREATE UNIQUE INDEX "auth_user_groups_user_id_group_id_94350c0c_uniq" ON "auth_user_groups" ("user_id", "group_id");
CREATE INDEX IF NOT EXISTS "auth_user_groups_user_id_6a12ed8b" ON "auth_user_groups" ("user_id");
CREATE INDEX IF NOT EXISTS "auth_user_groups_group_id_97559544" ON "auth_user_groups" ("group_id");
CREATE UNIQUE INDEX "auth_user_user_permissions_user_id_permission_id_14a6b632_uniq" ON "auth_user_user_permissions" ("user_id", "permission_id");
CREATE INDEX IF NOT EXISTS "auth_user_user_permissions_user_id_a95ead1b" ON "auth_user_user_permissions" ("user_id");
CREATE INDEX IF NOT EXISTS "auth_user_user_permissions_permission_id_1fbb5f2c" ON "auth_user_user_permissions" ("permission_id");
CREATE INDEX IF NOT EXISTS "django_admin_log_content_type_id_c4bce8eb" ON "django_admin_log" ("content_type_id");
CREATE INDEX IF NOT EXISTS "django_admin_log_user_id_c564eba6" ON "django_admin_log" ("user_id");
CREATE UNIQUE INDEX "django_content_type_app_label_model_76bd3d3b_uniq" ON "django_content_type" ("app_label", "model");
CREATE UNIQUE INDEX "auth_permission_content_type_id_codename_01ab375a_uniq" ON "auth_permission" ("content_type_id", "codename");
CREATE INDEX IF NOT EXISTS "auth_permission_content_type_id_2f476e4b" ON "auth_permission" ("content_type_id");
CREATE INDEX IF NOT EXISTS "django_session_expire_date_a5c62663" ON "django_session" ("expire_date");
CREATE INDEX IF NOT EXISTS "shop_measurement_dress_id_71ffe354" ON "shop_measurement" ("dress_id");
CREATE INDEX IF NOT EXISTS "shop_measurement_user_id_0bd2e20d" ON "shop_measurement" ("user_id");
CREATE INDEX IF NOT EXISTS "shop_dress_tailor_id_792867ea" ON "shop_dress" ("tailor_id");
CREATE TABLE IF NOT EXISTS "auth_permission" ("id" integer NOT NULL PRIMARY KEY AUTOINCREMENT, "content_type_id" integer NOT NULL REFERENCES "django_content_type" ("id") DEFERRABLE INITIALLY DEFERRED, "codename" varchar(100) NOT NULL, "name" varchar(255) NOT NULL);
INSERT INTO "auth_permission" VALUES(1,1,'add_logentry','Can add log entry');
INSERT INTO "auth_permission" VALUES(2,1,'change_logentry','Can change log entry');
INSERT INTO "auth_permission" VALUES(3,1,'delete_logentry','Can delete log entry');
INSERT INTO "auth_permission" VALUES(4,1,'view_logentry','Can view log entry');
INSERT INTO "auth_permission" VALUES(5,2,'add_permission','Can add permission');
INSERT INTO "auth_permission" VALUES(6,2,'change_permission','Can change permission');
INSERT INTO "auth_permission" VALUES(7,2,'delete_permission','Can delete permission');
INSERT INTO "auth_permission" VALUES(8,2,'view_permission','Can view permission');
INSERT INTO "auth_permission" VALUES(9,3,'add_group','Can add group');
INSERT INTO "auth_permission" VALUES(10,3,'change_group','Can change group');
INSERT INTO "auth_permission" VALUES(11,3,'delete_group','Can delete group');
INSERT INTO "auth_permission" VALUES(12,3,'view_group','Can view group');
INSERT INTO "auth_permission" VALUES(13,4,'add_user','Can add user');
INSERT INTO "auth_permission" VALUES(14,4,'change_user','Can change user');
INSERT INTO "auth_permission" VALUES(15,4,'delete_user','Can delete user');
INSERT INTO "auth_permission" VALUES(16,4,'view_user','Can view user');
INSERT INTO "auth_permission" VALUES(17,5,'add_contenttype','Can add content type');
INSERT INTO "auth_permission" VALUES(18,5,'change_contenttype','Can change content type');
INSERT INTO "auth_permission" VALUES(19,5,'delete_contenttype','Can delete content type');
INSERT INTO "auth_permission" VALUES(20,5,'view_contenttype','Can view content type');
INSERT INTO "auth_permission" VALUES(21,6,'add_session','Can add session');
INSERT INTO "auth_permission" VALUES(22,6,'change_session','Can change session');
INSERT INTO "auth_permission" VALUES(23,6,'delete_session','Can delete session');
INSERT INTO "auth_permission" VALUES(24,6,'view_session','Can view session');
INSERT INTO "auth_permission" VALUES(25,7,'add_dress','Can add dress');
INSERT INTO "auth_permission" VALUES(26,7,'change_dress','Can change dress');
INSERT INTO "auth_permission" VALUES(27,7,'delete_dress','Can delete dress');
INSERT INTO "auth_permission" VALUES(28,7,'view_dress','Can view dress');
INSERT INTO "auth_permission" VALUES(29,8,'add_measurement','Can add measurement');
INSERT INTO "auth_permission" VALUES(30,8,'change_measurement','Can change measurement');
INSERT INTO "auth_permission" VALUES(31,8,'delete_measurement','Can delete measurement');
INSERT INTO "auth_permission" VALUES(32,8,'view_measurement','Can view measurement');
INSERT INTO "auth_permission" VALUES(33,9,'add_tailor','Can add tailor');
INSERT INTO "auth_permission" VALUES(34,9,'change_tailor','Can change tailor');
INSERT INTO "auth_permission" VALUES(35,9,'delete_tailor','Can delete tailor');
INSERT INTO "auth_permission" VALUES(36,9,'view_tailor','Can view tailor');
INSERT INTO "auth_permission" VALUES(37,10,'add_villain','Can add villain');
INSERT INTO "auth_permission" VALUES(38,10,'change_villain','Can change villain');
INSERT INTO "auth_permission" VALUES(39,10,'delete_villain','Can delete villain');
INSERT INTO "auth_permission" VALUES(40,10,'view_villain','Can view villain');
INSERT INTO "auth_permission" VALUES(41,10,'add_database','Can add database');
INSERT INTO "auth_permission" VALUES(42,10,'change_database','Can change database');
INSERT INTO "auth_permission" VALUES(43,10,'delete_database','Can delete database');
INSERT INTO "auth_permission" VALUES(44,10,'view_database','Can view database');
CREATE UNIQUE INDEX "auth_group_permissions_group_id_permission_id_0cd325b0_uniq" ON "auth_group_permissions" ("group_id", "permission_id");
CREATE INDEX IF NOT EXISTS "auth_group_permissions_group_id_b120cbf9" ON "auth_group_permissions" ("group_id");
CREATE INDEX IF NOT EXISTS "auth_group_permissions_permission_id_84c5c92e" ON "auth_group_permissions" ("permission_id");
CREATE UNIQUE INDEX "auth_user_groups_user_id_group_id_94350c0c_uniq" ON "auth_user_groups" ("user_id", "group_id");
CREATE INDEX IF NOT EXISTS "auth_user_groups_user_id_6a12ed8b" ON "auth_user_groups" ("user_id");
CREATE INDEX IF NOT EXISTS "auth_user_groups_group_id_97559544" ON "auth_user_groups" ("group_id");
CREATE UNIQUE INDEX "auth_user_user_permissions_user_id_permission_id_14a6b632_uniq" ON "auth_user_user_permissions" ("user_id", "permission_id");
CREATE INDEX IF NOT EXISTS "auth_user_user_permissions_user_id_a95ead1b" ON "auth_user_user_permissions" ("user_id");
CREATE INDEX IF NOT EXISTS "auth_user_user_permissions_permission_id_1fbb5f2c" ON "auth_user_user_permissions" ("permission_id");
CREATE INDEX IF NOT EXISTS "django_admin_log_content_type_id_c4bce8eb" ON "django_admin_log" ("content_type_id");
CREATE INDEX IF NOT EXISTS "django_admin_log_user_id_c564eba6" ON "django_admin_log" ("user_id");
CREATE UNIQUE INDEX "django_content_type_app_label_model_76bd3d3b_uniq" ON "django_content_type" ("app_label", "model");
CREATE UNIQUE INDEX "auth_permission_content_type_id_codename_01ab375a_uniq" ON "auth_permission" ("content_type_id", "codename");
CREATE INDEX IF NOT EXISTS "auth_permission_content_type_id_2f476e4b" ON "auth_permission" ("content_type_id");
CREATE INDEX IF NOT EXISTS "django_session_expire_date_a5c62663" ON "django_session" ("expire_date");
CREATE INDEX IF NOT EXISTS "shop_measurement_dress_id_71ffe354" ON "shop_measurement" ("dress_id");
CREATE INDEX IF NOT EXISTS "shop_measurement_user_id_0bd2e20d" ON "shop_measurement" ("user_id");
CREATE INDEX IF NOT EXISTS "shop_dress_tailor_id_792867ea" ON "shop_dress" ("tailor_id");
CREATE TABLE IF NOT EXISTS "auth_user" ("id" integer NOT NULL PRIMARY KEY AUTOINCREMENT, "password" varchar(128) NOT NULL, "last_login" datetime NULL, "is_superuser" bool NOT NULL, "username" varchar(150) NOT NULL UNIQUE, "last_name" varchar(150) NOT NULL, "email" varchar(254) NOT NULL, "is_staff" bool NOT NULL, "is_active" bool NOT NULL, "date_joined" datetime NOT NULL, "first_name" varchar(150) NOT NULL);
INSERT INTO "auth_user" VALUES(1,'pbkdf2_sha256$720000$XApM04ZW02TAljsEhHnRuG$ppODnpjSdIk+JqzqXGXWXp6vLhvFLpXOHh+pllKDCzs=','2024-05-28 19:20:03.871266',0,'user1','','',0,1,'2024-05-28 19:20:02.929509','');
INSERT INTO "auth_user" VALUES(2,'pbkdf2_sha256$720000$eLSlFlGYGA429ilGuoAqtY$YVux0/u2cQgq7VhAy3gs5fYLlBlTaN0Ar0ubtUAjQEo=','2024-05-29 04:44:21.675368',0,'user2','','',0,1,'2024-05-29 04:44:20.955814','');
INSERT INTO "auth_user" VALUES(3,'pbkdf2_sha256$600000$TpkuLPIlnaJLNXKycn2b0E$mHfHph9IQjHeKXRowGW79dCMink5RtxntBW81ARE/Xg=','2024-06-02 21:44:30.907098',1,'essono','','essono@gmail.com',1,1,'2024-06-01 18:46:34.596571','');
CREATE UNIQUE INDEX "auth_group_permissions_group_id_permission_id_0cd325b0_uniq" ON "auth_group_permissions" ("group_id", "permission_id");
CREATE INDEX IF NOT EXISTS "auth_group_permissions_group_id_b120cbf9" ON "auth_group_permissions" ("group_id");
CREATE INDEX IF NOT EXISTS "auth_group_permissions_permission_id_84c5c92e" ON "auth_group_permissions" ("permission_id");
CREATE UNIQUE INDEX "auth_user_groups_user_id_group_id_94350c0c_uniq" ON "auth_user_groups" ("user_id", "group_id");
CREATE INDEX IF NOT EXISTS "auth_user_groups_user_id_6a12ed8b" ON "auth_user_groups" ("user_id");
CREATE INDEX IF NOT EXISTS "auth_user_groups_group_id_97559544" ON "auth_user_groups" ("group_id");
CREATE UNIQUE INDEX "auth_user_user_permissions_user_id_permission_id_14a6b632_uniq" ON "auth_user_user_permissions" ("user_id", "permission_id");
CREATE INDEX IF NOT EXISTS "auth_user_user_permissions_user_id_a95ead1b" ON "auth_user_user_permissions" ("user_id");
CREATE INDEX IF NOT EXISTS "auth_user_user_permissions_permission_id_1fbb5f2c" ON "auth_user_user_permissions" ("permission_id");
CREATE INDEX IF NOT EXISTS "django_admin_log_content_type_id_c4bce8eb" ON "django_admin_log" ("content_type_id");
CREATE INDEX IF NOT EXISTS "django_admin_log_user_id_c564eba6" ON "django_admin_log" ("user_id");
CREATE UNIQUE INDEX "django_content_type_app_label_model_76bd3d3b_uniq" ON "django_content_type" ("app_label", "model");
CREATE UNIQUE INDEX "auth_permission_content_type_id_codename_01ab375a_uniq" ON "auth_permission" ("content_type_id", "codename");
CREATE INDEX IF NOT EXISTS "auth_permission_content_type_id_2f476e4b" ON "auth_permission" ("content_type_id");
CREATE INDEX IF NOT EXISTS "django_session_expire_date_a5c62663" ON "django_session" ("expire_date");
CREATE INDEX IF NOT EXISTS "shop_measurement_dress_id_71ffe354" ON "shop_measurement" ("dress_id");
CREATE INDEX IF NOT EXISTS "shop_measurement_user_id_0bd2e20d" ON "shop_measurement" ("user_id");
CREATE INDEX IF NOT EXISTS "shop_dress_tailor_id_792867ea" ON "shop_dress" ("tailor_id");
CREATE TABLE IF NOT EXISTS "auth_user_groups" ("id" integer NOT NULL PRIMARY KEY AUTOINCREMENT, "user_id" integer NOT NULL REFERENCES "auth_user" ("id") DEFERRABLE INITIALLY DEFERRED, "group_id" integer NOT NULL REFERENCES "auth_group" ("id") DEFERRABLE INITIALLY DEFERRED);
CREATE UNIQUE INDEX "auth_group_permissions_group_id_permission_id_0cd325b0_uniq" ON "auth_group_permissions" ("group_id", "permission_id");
CREATE INDEX IF NOT EXISTS "auth_group_permissions_group_id_b120cbf9" ON "auth_group_permissions" ("group_id");
CREATE INDEX IF NOT EXISTS "auth_group_permissions_permission_id_84c5c92e" ON "auth_group_permissions" ("permission_id");
CREATE UNIQUE INDEX "auth_user_groups_user_id_group_id_94350c0c_uniq" ON "auth_user_groups" ("user_id", "group_id");
CREATE INDEX IF NOT EXISTS "auth_user_groups_user_id_6a12ed8b" ON "auth_user_groups" ("user_id");
CREATE INDEX IF NOT EXISTS "auth_user_groups_group_id_97559544" ON "auth_user_groups" ("group_id");
CREATE UNIQUE INDEX "auth_user_user_permissions_user_id_permission_id_14a6b632_uniq" ON "auth_user_user_permissions" ("user_id", "permission_id");
CREATE INDEX IF NOT EXISTS "auth_user_user_permissions_user_id_a95ead1b" ON "auth_user_user_permissions" ("user_id");
CREATE INDEX IF NOT EXISTS "auth_user_user_permissions_permission_id_1fbb5f2c" ON "auth_user_user_permissions" ("permission_id");
CREATE INDEX IF NOT EXISTS "django_admin_log_content_type_id_c4bce8eb" ON "django_admin_log" ("content_type_id");
CREATE INDEX IF NOT EXISTS "django_admin_log_user_id_c564eba6" ON "django_admin_log" ("user_id");
CREATE UNIQUE INDEX "django_content_type_app_label_model_76bd3d3b_uniq" ON "django_content_type" ("app_label", "model");
CREATE UNIQUE INDEX "auth_permission_content_type_id_codename_01ab375a_uniq" ON "auth_permission" ("content_type_id", "codename");
CREATE INDEX IF NOT EXISTS "auth_permission_content_type_id_2f476e4b" ON "auth_permission" ("content_type_id");
CREATE INDEX IF NOT EXISTS "django_session_expire_date_a5c62663" ON "django_session" ("expire_date");
CREATE INDEX IF NOT EXISTS "shop_measurement_dress_id_71ffe354" ON "shop_measurement" ("dress_id");
CREATE INDEX IF NOT EXISTS "shop_measurement_user_id_0bd2e20d" ON "shop_measurement" ("user_id");
CREATE INDEX IF NOT EXISTS "shop_dress_tailor_id_792867ea" ON "shop_dress" ("tailor_id");
CREATE TABLE IF NOT EXISTS "auth_user_user_permissions" ("id" integer NOT NULL PRIMARY KEY AUTOINCREMENT, "user_id" integer NOT NULL REFERENCES "auth_user" ("id") DEFERRABLE INITIALLY DEFERRED, "permission_id" integer NOT NULL REFERENCES "auth_permission" ("id") DEFERRABLE INITIALLY DEFERRED);
CREATE UNIQUE INDEX "auth_group_permissions_group_id_permission_id_0cd325b0_uniq" ON "auth_group_permissions" ("group_id", "permission_id");
CREATE INDEX IF NOT EXISTS "auth_group_permissions_group_id_b120cbf9" ON "auth_group_permissions" ("group_id");
CREATE INDEX IF NOT EXISTS "auth_group_permissions_permission_id_84c5c92e" ON "auth_group_permissions" ("permission_id");
CREATE UNIQUE INDEX "auth_user_groups_user_id_group_id_94350c0c_uniq" ON "auth_user_groups" ("user_id", "group_id");
CREATE INDEX IF NOT EXISTS "auth_user_groups_user_id_6a12ed8b" ON "auth_user_groups" ("user_id");
CREATE INDEX IF NOT EXISTS "auth_user_groups_group_id_97559544" ON "auth_user_groups" ("group_id");
CREATE UNIQUE INDEX "auth_user_user_permissions_user_id_permission_id_14a6b632_uniq" ON "auth_user_user_permissions" ("user_id", "permission_id");
CREATE INDEX IF NOT EXISTS "auth_user_user_permissions_user_id_a95ead1b" ON "auth_user_user_permissions" ("user_id");
CREATE INDEX IF NOT EXISTS "auth_user_user_permissions_permission_id_1fbb5f2c" ON "auth_user_user_permissions" ("permission_id");
CREATE INDEX IF NOT EXISTS "django_admin_log_content_type_id_c4bce8eb" ON "django_admin_log" ("content_type_id");
CREATE INDEX IF NOT EXISTS "django_admin_log_user_id_c564eba6" ON "django_admin_log" ("user_id");
CREATE UNIQUE INDEX "django_content_type_app_label_model_76bd3d3b_uniq" ON "django_content_type" ("app_label", "model");
CREATE UNIQUE INDEX "auth_permission_content_type_id_codename_01ab375a_uniq" ON "auth_permission" ("content_type_id", "codename");
CREATE INDEX IF NOT EXISTS "auth_permission_content_type_id_2f476e4b" ON "auth_permission" ("content_type_id");
CREATE INDEX IF NOT EXISTS "django_session_expire_date_a5c62663" ON "django_session" ("expire_date");
CREATE INDEX IF NOT EXISTS "shop_measurement_dress_id_71ffe354" ON "shop_measurement" ("dress_id");
CREATE INDEX IF NOT EXISTS "shop_measurement_user_id_0bd2e20d" ON "shop_measurement" ("user_id");
CREATE INDEX IF NOT EXISTS "shop_dress_tailor_id_792867ea" ON "shop_dress" ("tailor_id");
CREATE TABLE IF NOT EXISTS "django_admin_log" ("id" integer NOT NULL PRIMARY KEY AUTOINCREMENT, "object_id" text NULL, "object_repr" varchar(200) NOT NULL, "action_flag" smallint unsigned NOT NULL CHECK ("action_flag" >= 0), "change_message" text NOT NULL, "content_type_id" integer NULL REFERENCES "django_content_type" ("id") DEFERRABLE INITIALLY DEFERRED, "user_id" integer NOT NULL REFERENCES "auth_user" ("id") DEFERRABLE INITIALLY DEFERRED, "action_time" datetime NOT NULL);
INSERT INTO "django_admin_log" VALUES(1,'1','Tailor object (1)',1,'[{"added": {}}]',9,3,'2024-06-01 18:57:12.982437');
INSERT INTO "django_admin_log" VALUES(2,'1','Dress object (1)',1,'[{"added": {}}]',7,3,'2024-06-01 18:57:27.697098');
INSERT INTO "django_admin_log" VALUES(3,'2','Dress object (2)',1,'[{"added": {}}]',7,3,'2024-06-01 19:06:40.352120');
INSERT INTO "django_admin_log" VALUES(4,'3','Dress object (3)',1,'[{"added": {}}]',7,3,'2024-06-01 19:45:27.732574');
INSERT INTO "django_admin_log" VALUES(5,'4','Dress object (4)',1,'[{"added": {}}]',7,3,'2024-06-01 19:47:25.491687');
INSERT INTO "django_admin_log" VALUES(6,'5','Dress object (5)',1,'[{"added": {}}]',7,3,'2024-06-01 19:48:10.482883');
INSERT INTO "django_admin_log" VALUES(7,'6','Dress object (6)',1,'[{"added": {}}]',7,3,'2024-06-01 19:49:04.349472');
INSERT INTO "django_admin_log" VALUES(8,'7','Dress object (7)',1,'[{"added": {}}]',7,3,'2024-06-01 19:50:17.923845');
INSERT INTO "django_admin_log" VALUES(9,'8','Dress object (8)',1,'[{"added": {}}]',7,3,'2024-06-01 19:52:57.594393');
INSERT INTO "django_admin_log" VALUES(10,'8','Dress object (8)',3,'',7,3,'2024-06-02 07:48:19.780857');
INSERT INTO "django_admin_log" VALUES(11,'7','Dress object (7)',3,'',7,3,'2024-06-02 07:48:19.790267');
INSERT INTO "django_admin_log" VALUES(12,'6','Dress object (6)',3,'',7,3,'2024-06-02 07:48:19.794487');
INSERT INTO "django_admin_log" VALUES(13,'2','Dress object (2)',3,'',7,3,'2024-06-02 08:00:49.240509');
INSERT INTO "django_admin_log" VALUES(14,'1','Dress object (1)',3,'',7,3,'2024-06-02 08:00:49.246397');
INSERT INTO "django_admin_log" VALUES(15,'1','Villain object (1)',1,'[{"added": {}}]',10,3,'2024-06-02 23:14:37.776972');
INSERT INTO "django_admin_log" VALUES(16,'2','database object (2)',1,'[{"added": {}}]',10,3,'2024-06-02 23:26:21.295976');
INSERT INTO "django_admin_log" VALUES(17,'2','database object (2)',2,'[]',10,3,'2024-06-02 23:26:58.627979');
INSERT INTO "django_admin_log" VALUES(18,'3','database object (3)',1,'[{"added": {}}]',10,3,'2024-06-02 23:27:06.511362');
INSERT INTO "django_admin_log" VALUES(19,'4','database object (4)',1,'[{"added": {}}]',10,3,'2024-06-02 23:27:29.579325');
INSERT INTO "django_admin_log" VALUES(20,'4','database object (4)',2,'[]',10,3,'2024-06-02 23:27:37.983053');
INSERT INTO "django_admin_log" VALUES(21,'4','database object (4)',2,'[]',10,3,'2024-06-02 23:27:45.609165');
INSERT INTO "django_admin_log" VALUES(22,'4','database object (4)',2,'[]',10,3,'2024-06-02 23:27:50.269562');
INSERT INTO "django_admin_log" VALUES(23,'4','database object (4)',2,'[]',10,3,'2024-06-02 23:27:55.865219');
CREATE UNIQUE INDEX "auth_group_permissions_group_id_permission_id_0cd325b0_uniq" ON "auth_group_permissions" ("group_id", "permission_id");
CREATE INDEX IF NOT EXISTS "auth_group_permissions_group_id_b120cbf9" ON "auth_group_permissions" ("group_id");
CREATE INDEX IF NOT EXISTS "auth_group_permissions_permission_id_84c5c92e" ON "auth_group_permissions" ("permission_id");
CREATE UNIQUE INDEX "auth_user_groups_user_id_group_id_94350c0c_uniq" ON "auth_user_groups" ("user_id", "group_id");
CREATE INDEX IF NOT EXISTS "auth_user_groups_user_id_6a12ed8b" ON "auth_user_groups" ("user_id");
CREATE INDEX IF NOT EXISTS "auth_user_groups_group_id_97559544" ON "auth_user_groups" ("group_id");
CREATE UNIQUE INDEX "auth_user_user_permissions_user_id_permission_id_14a6b632_uniq" ON "auth_user_user_permissions" ("user_id", "permission_id");
CREATE INDEX IF NOT EXISTS "auth_user_user_permissions_user_id_a95ead1b" ON "auth_user_user_permissions" ("user_id");
CREATE INDEX IF NOT EXISTS "auth_user_user_permissions_permission_id_1fbb5f2c" ON "auth_user_user_permissions" ("permission_id");
CREATE INDEX IF NOT EXISTS "django_admin_log_content_type_id_c4bce8eb" ON "django_admin_log" ("content_type_id");
CREATE INDEX IF NOT EXISTS "django_admin_log_user_id_c564eba6" ON "django_admin_log" ("user_id");
CREATE UNIQUE INDEX "django_content_type_app_label_model_76bd3d3b_uniq" ON "django_content_type" ("app_label", "model");
CREATE UNIQUE INDEX "auth_permission_content_type_id_codename_01ab375a_uniq" ON "auth_permission" ("content_type_id", "codename");
CREATE INDEX IF NOT EXISTS "auth_permission_content_type_id_2f476e4b" ON "auth_permission" ("content_type_id");
CREATE INDEX IF NOT EXISTS "django_session_expire_date_a5c62663" ON "django_session" ("expire_date");
CREATE INDEX IF NOT EXISTS "shop_measurement_dress_id_71ffe354" ON "shop_measurement" ("dress_id");
CREATE INDEX IF NOT EXISTS "shop_measurement_user_id_0bd2e20d" ON "shop_measurement" ("user_id");
CREATE INDEX IF NOT EXISTS "shop_dress_tailor_id_792867ea" ON "shop_dress" ("tailor_id");
CREATE TABLE IF NOT EXISTS "django_content_type" ("id" integer NOT NULL PRIMARY KEY AUTOINCREMENT, "app_label" varchar(100) NOT NULL, "model" varchar(100) NOT NULL);
INSERT INTO "django_content_type" VALUES(1,'admin','logentry');
INSERT INTO "django_content_type" VALUES(2,'auth','permission');
INSERT INTO "django_content_type" VALUES(3,'auth','group');
INSERT INTO "django_content_type" VALUES(4,'auth','user');
INSERT INTO "django_content_type" VALUES(5,'contenttypes','contenttype');
INSERT INTO "django_content_type" VALUES(6,'sessions','session');
INSERT INTO "django_content_type" VALUES(7,'shop','dress');
INSERT INTO "django_content_type" VALUES(8,'shop','measurement');
INSERT INTO "django_content_type" VALUES(9,'shop','tailor');
INSERT INTO "django_content_type" VALUES(10,'shop','database');
CREATE UNIQUE INDEX "auth_group_permissions_group_id_permission_id_0cd325b0_uniq" ON "auth_group_permissions" ("group_id", "permission_id");
CREATE INDEX IF NOT EXISTS "auth_group_permissions_group_id_b120cbf9" ON "auth_group_permissions" ("group_id");
CREATE INDEX IF NOT EXISTS "auth_group_permissions_permission_id_84c5c92e" ON "auth_group_permissions" ("permission_id");
CREATE UNIQUE INDEX "auth_user_groups_user_id_group_id_94350c0c_uniq" ON "auth_user_groups" ("user_id", "group_id");
CREATE INDEX IF NOT EXISTS "auth_user_groups_user_id_6a12ed8b" ON "auth_user_groups" ("user_id");
CREATE INDEX IF NOT EXISTS "auth_user_groups_group_id_97559544" ON "auth_user_groups" ("group_id");
CREATE UNIQUE INDEX "auth_user_user_permissions_user_id_permission_id_14a6b632_uniq" ON "auth_user_user_permissions" ("user_id", "permission_id");
CREATE INDEX IF NOT EXISTS "auth_user_user_permissions_user_id_a95ead1b" ON "auth_user_user_permissions" ("user_id");
CREATE INDEX IF NOT EXISTS "auth_user_user_permissions_permission_id_1fbb5f2c" ON "auth_user_user_permissions" ("permission_id");
CREATE INDEX IF NOT EXISTS "django_admin_log_content_type_id_c4bce8eb" ON "django_admin_log" ("content_type_id");
CREATE INDEX IF NOT EXISTS "django_admin_log_user_id_c564eba6" ON "django_admin_log" ("user_id");
CREATE UNIQUE INDEX "django_content_type_app_label_model_76bd3d3b_uniq" ON "django_content_type" ("app_label", "model");
CREATE UNIQUE INDEX "auth_permission_content_type_id_codename_01ab375a_uniq" ON "auth_permission" ("content_type_id", "codename");
CREATE INDEX IF NOT EXISTS "auth_permission_content_type_id_2f476e4b" ON "auth_permission" ("content_type_id");
CREATE INDEX IF NOT EXISTS "django_session_expire_date_a5c62663" ON "django_session" ("expire_date");
CREATE INDEX IF NOT EXISTS "shop_measurement_dress_id_71ffe354" ON "shop_measurement" ("dress_id");
CREATE INDEX IF NOT EXISTS "shop_measurement_user_id_0bd2e20d" ON "shop_measurement" ("user_id");
CREATE INDEX IF NOT EXISTS "shop_dress_tailor_id_792867ea" ON "shop_dress" ("tailor_id");
CREATE TABLE IF NOT EXISTS "django_migrations" ("id" integer NOT NULL PRIMARY KEY AUTOINCREMENT, "app" varchar(255) NOT NULL, "name" varchar(255) NOT NULL, "applied" datetime NOT NULL);
INSERT INTO "django_migrations" VALUES(1,'contenttypes','0001_initial','2024-05-28 18:20:09.199210');
INSERT INTO "django_migrations" VALUES(2,'auth','0001_initial','2024-05-28 18:20:09.222642');
INSERT INTO "django_migrations" VALUES(3,'admin','0001_initial','2024-05-28 18:20:09.255157');
INSERT INTO "django_migrations" VALUES(4,'admin','0002_logentry_remove_auto_add','2024-05-28 18:20:09.270781');
INSERT INTO "django_migrations" VALUES(5,'admin','0003_logentry_add_action_flag_choices','2024-05-28 18:20:09.281523');
INSERT INTO "django_migrations" VALUES(6,'contenttypes','0002_remove_content_type_name','2024-05-28 18:20:09.303982');
INSERT INTO "django_migrations" VALUES(7,'auth','0002_alter_permission_name_max_length','2024-05-28 18:20:09.320585');
INSERT INTO "django_migrations" VALUES(8,'auth','0003_alter_user_email_max_length','2024-05-28 18:20:09.343042');
INSERT INTO "django_migrations" VALUES(9,'auth','0004_alter_user_username_opts','2024-05-28 18:20:09.366478');
INSERT INTO "django_migrations" VALUES(10,'auth','0005_alter_user_last_login_null','2024-05-28 18:20:09.393822');
INSERT INTO "django_migrations" VALUES(11,'auth','0006_require_contenttypes_0002','2024-05-28 18:20:09.402615');
INSERT INTO "django_migrations" VALUES(12,'auth','0007_alter_validators_add_error_messages','2024-05-28 18:20:09.422983');
INSERT INTO "django_migrations" VALUES(13,'auth','0008_alter_user_username_max_length','2024-05-28 18:20:09.446658');
INSERT INTO "django_migrations" VALUES(14,'auth','0009_alter_user_last_name_max_length','2024-05-28 18:20:09.471067');
INSERT INTO "django_migrations" VALUES(15,'auth','0010_alter_group_name_max_length','2024-05-28 18:20:09.491569');
INSERT INTO "django_migrations" VALUES(16,'auth','0011_update_proxy_permissions','2024-05-28 18:20:09.508192');
INSERT INTO "django_migrations" VALUES(17,'auth','0012_alter_user_first_name_max_length','2024-05-28 18:20:09.530630');
INSERT INTO "django_migrations" VALUES(18,'sessions','0001_initial','2024-05-28 18:20:09.547282');
INSERT INTO "django_migrations" VALUES(19,'shop','0001_initial','2024-05-28 18:20:09.577547');
INSERT INTO "django_migrations" VALUES(20,'shop','0002_villain','2024-06-02 22:21:49.954413');
INSERT INTO "django_migrations" VALUES(21,'shop','0003_rename_villain_database','2024-06-02 23:16:26.677120');
CREATE UNIQUE INDEX "auth_group_permissions_group_id_permission_id_0cd325b0_uniq" ON "auth_group_permissions" ("group_id", "permission_id");
CREATE INDEX IF NOT EXISTS "auth_group_permissions_group_id_b120cbf9" ON "auth_group_permissions" ("group_id");
CREATE INDEX IF NOT EXISTS "auth_group_permissions_permission_id_84c5c92e" ON "auth_group_permissions" ("permission_id");
CREATE UNIQUE INDEX "auth_user_groups_user_id_group_id_94350c0c_uniq" ON "auth_user_groups" ("user_id", "group_id");
CREATE INDEX IF NOT EXISTS "auth_user_groups_user_id_6a12ed8b" ON "auth_user_groups" ("user_id");
CREATE INDEX IF NOT EXISTS "auth_user_groups_group_id_97559544" ON "auth_user_groups" ("group_id");
CREATE UNIQUE INDEX "auth_user_user_permissions_user_id_permission_id_14a6b632_uniq" ON "auth_user_user_permissions" ("user_id", "permission_id");
CREATE INDEX IF NOT EXISTS "auth_user_user_permissions_user_id_a95ead1b" ON "auth_user_user_permissions" ("user_id");
CREATE INDEX IF NOT EXISTS "auth_user_user_permissions_permission_id_1fbb5f2c" ON "auth_user_user_permissions" ("permission_id");
CREATE INDEX IF NOT EXISTS "django_admin_log_content_type_id_c4bce8eb" ON "django_admin_log" ("content_type_id");
CREATE INDEX IF NOT EXISTS "django_admin_log_user_id_c564eba6" ON "django_admin_log" ("user_id");
CREATE UNIQUE INDEX "django_content_type_app_label_model_76bd3d3b_uniq" ON "django_content_type" ("app_label", "model");
CREATE UNIQUE INDEX "auth_permission_content_type_id_codename_01ab375a_uniq" ON "auth_permission" ("content_type_id", "codename");
CREATE INDEX IF NOT EXISTS "auth_permission_content_type_id_2f476e4b" ON "auth_permission" ("content_type_id");
CREATE INDEX IF NOT EXISTS "django_session_expire_date_a5c62663" ON "django_session" ("expire_date");
CREATE INDEX IF NOT EXISTS "shop_measurement_dress_id_71ffe354" ON "shop_measurement" ("dress_id");
CREATE INDEX IF NOT EXISTS "shop_measurement_user_id_0bd2e20d" ON "shop_measurement" ("user_id");
CREATE INDEX IF NOT EXISTS "shop_dress_tailor_id_792867ea" ON "shop_dress" ("tailor_id");
CREATE TABLE IF NOT EXISTS "django_session" ("session_key" varchar(40) NOT NULL PRIMARY KEY, "session_data" text NOT NULL, "expire_date" datetime NOT NULL);
INSERT INTO "django_session" VALUES('qn54z3ym1jyaucd17nq83q2r21xvjfg0','.eJxVjLEOAiEQRP-F2hBYEA9Le7-B7MIipwaS464y_ruSXKHlzHszLxFwW0vYOi9hTuIsQBx-O8L44DpAumO9NRlbXZeZ5FDkTru8tsTPy-7-HRTs5bvOnKN1WU0RtPI-IhCh5hSzNh7yBGCMZji6ZPJJeyJrCdRIFsk7Ld4f_Y44Ig:1sCBAj:2lTCa1J_r6KPnmNv2o6R_3mnbX-iluWV569_MMM-Nrs','2024-06-12 04:44:21.681255');
INSERT INTO "django_session" VALUES('97c3rat7qsb7bpvix20k8hyicyha0vtg','.eJxVjDsOwjAQBe_iGln-x0tJnzNYa3uNA8iR4qRC3J1ESgHtm5n3ZgG3tYat0xKmzK5Ms8vvFjE9qR0gP7DdZ57mti5T5IfCT9r5OGd63U7376Bir3vtk_KAGElZoY0BMNIXO-gyQJIuFwNCZx-zFK5YStYB-qIc0c7QScU-X9L1N8E:1sDr3o:PXb55fathj7TWeYQyeDxVWXtMvBh6J0OIC5vf98T3yw','2024-06-16 19:40:08.843061');
INSERT INTO "django_session" VALUES('1bp3c2uz5nxflp9qg8weky46eg4dqfxq','.eJxVjEEOgjAQRe_StWmgdKB16Z4zNNPOjKCmTSisjHcXEha6_e-9_1YBt3UKW-UlzKSuqlOX3y1ienI-AD0w34tOJa_LHPWh6JNWPRbi1-10_w4mrNNeO2cRABrboUgy0ngzDOIJkFvCSA7AMPfke_FsWgJpWVjs7gimBOrzBfOwORU:1sDt0A:KElaOifxXCYDcGXjxc2bPlzm-VYn4cfoDDxbdFQbyGw','2024-06-16 21:44:30.910732');
CREATE UNIQUE INDEX "auth_group_permissions_group_id_permission_id_0cd325b0_uniq" ON "auth_group_permissions" ("group_id", "permission_id");
CREATE INDEX IF NOT EXISTS "auth_group_permissions_group_id_b120cbf9" ON "auth_group_permissions" ("group_id");
CREATE INDEX IF NOT EXISTS "auth_group_permissions_permission_id_84c5c92e" ON "auth_group_permissions" ("permission_id");
CREATE UNIQUE INDEX "auth_user_groups_user_id_group_id_94350c0c_uniq" ON "auth_user_groups" ("user_id", "group_id");
CREATE INDEX IF NOT EXISTS "auth_user_groups_user_id_6a12ed8b" ON "auth_user_groups" ("user_id");
CREATE INDEX IF NOT EXISTS "auth_user_groups_group_id_97559544" ON "auth_user_groups" ("group_id");
CREATE UNIQUE INDEX "auth_user_user_permissions_user_id_permission_id_14a6b632_uniq" ON "auth_user_user_permissions" ("user_id", "permission_id");
CREATE INDEX IF NOT EXISTS "auth_user_user_permissions_user_id_a95ead1b" ON "auth_user_user_permissions" ("user_id");
CREATE INDEX IF NOT EXISTS "auth_user_user_permissions_permission_id_1fbb5f2c" ON "auth_user_user_permissions" ("permission_id");
CREATE INDEX IF NOT EXISTS "django_admin_log_content_type_id_c4bce8eb" ON "django_admin_log" ("content_type_id");
CREATE INDEX IF NOT EXISTS "django_admin_log_user_id_c564eba6" ON "django_admin_log" ("user_id");
CREATE UNIQUE INDEX "django_content_type_app_label_model_76bd3d3b_uniq" ON "django_content_type" ("app_label", "model");
CREATE UNIQUE INDEX "auth_permission_content_type_id_codename_01ab375a_uniq" ON "auth_permission" ("content_type_id", "codename");
CREATE INDEX IF NOT EXISTS "auth_permission_content_type_id_2f476e4b" ON "auth_permission" ("content_type_id");
CREATE INDEX IF NOT EXISTS "django_session_expire_date_a5c62663" ON "django_session" ("expire_date");
CREATE INDEX IF NOT EXISTS "shop_measurement_dress_id_71ffe354" ON "shop_measurement" ("dress_id");
CREATE INDEX IF NOT EXISTS "shop_measurement_user_id_0bd2e20d" ON "shop_measurement" ("user_id");
CREATE INDEX IF NOT EXISTS "shop_dress_tailor_id_792867ea" ON "shop_dress" ("tailor_id");
CREATE TABLE IF NOT EXISTS "shop_database" ("id" integer NOT NULL PRIMARY KEY AUTOINCREMENT, "name" varchar(100) NOT NULL, "is_unique" bool NOT NULL);
INSERT INTO "shop_database" VALUES(1,'dadfs',1);
INSERT INTO "shop_database" VALUES(2,'db',1);
INSERT INTO "shop_database" VALUES(3,'db',1);
INSERT INTO "shop_database" VALUES(4,'db3',1);
CREATE UNIQUE INDEX "auth_group_permissions_group_id_permission_id_0cd325b0_uniq" ON "auth_group_permissions" ("group_id", "permission_id");
CREATE INDEX IF NOT EXISTS "auth_group_permissions_group_id_b120cbf9" ON "auth_group_permissions" ("group_id");
CREATE INDEX IF NOT EXISTS "auth_group_permissions_permission_id_84c5c92e" ON "auth_group_permissions" ("permission_id");
CREATE UNIQUE INDEX "auth_user_groups_user_id_group_id_94350c0c_uniq" ON "auth_user_groups" ("user_id", "group_id");
CREATE INDEX IF NOT EXISTS "auth_user_groups_user_id_6a12ed8b" ON "auth_user_groups" ("user_id");
CREATE INDEX IF NOT EXISTS "auth_user_groups_group_id_97559544" ON "auth_user_groups" ("group_id");
CREATE UNIQUE INDEX "auth_user_user_permissions_user_id_permission_id_14a6b632_uniq" ON "auth_user_user_permissions" ("user_id", "permission_id");
CREATE INDEX IF NOT EXISTS "auth_user_user_permissions_user_id_a95ead1b" ON "auth_user_user_permissions" ("user_id");
CREATE INDEX IF NOT EXISTS "auth_user_user_permissions_permission_id_1fbb5f2c" ON "auth_user_user_permissions" ("permission_id");
CREATE INDEX IF NOT EXISTS "django_admin_log_content_type_id_c4bce8eb" ON "django_admin_log" ("content_type_id");
CREATE INDEX IF NOT EXISTS "django_admin_log_user_id_c564eba6" ON "django_admin_log" ("user_id");
CREATE UNIQUE INDEX "django_content_type_app_label_model_76bd3d3b_uniq" ON "django_content_type" ("app_label", "model");
CREATE UNIQUE INDEX "auth_permission_content_type_id_codename_01ab375a_uniq" ON "auth_permission" ("content_type_id", "codename");
CREATE INDEX IF NOT EXISTS "auth_permission_content_type_id_2f476e4b" ON "auth_permission" ("content_type_id");
CREATE INDEX IF NOT EXISTS "django_session_expire_date_a5c62663" ON "django_session" ("expire_date");
CREATE INDEX IF NOT EXISTS "shop_measurement_dress_id_71ffe354" ON "shop_measurement" ("dress_id");
CREATE INDEX IF NOT EXISTS "shop_measurement_user_id_0bd2e20d" ON "shop_measurement" ("user_id");
CREATE INDEX IF NOT EXISTS "shop_dress_tailor_id_792867ea" ON "shop_dress" ("tailor_id");
CREATE TABLE IF NOT EXISTS "shop_dress" ("id" integer NOT NULL PRIMARY KEY AUTOINCREMENT, "name" varchar(100) NOT NULL, "description" text NOT NULL, "price" decimal NOT NULL, "image" varchar(100) NOT NULL, "tailor_id" bigint NOT NULL REFERENCES "shop_tailor" ("id") DEFERRABLE INITIALLY DEFERRED);
INSERT INTO "shop_dress" VALUES(3,'Robe Rose bonbon','La robe est fabriquée à partir d''un tissu de haute qualité, offrant une texture douce et confortable au toucher. Sa couleur rose délicate ajoute une touche de féminité et de romantisme à votre style. Que vous soyez une mariée à la recherche d''une robe de demoiselle d''honneur ou une invitée à un mariage, cette robe rose est parfaite pour vous.

Le design de cette robe est tout simplement époustouflant. Avec une encolure délicate et des bretelles fines, elle dégage une aura élégante et sophistiquée. La taille cintrée met en valeur vos courbes féminines, tandis que la jupe évasée ajoute une touche de grâce et de fluidité à votre démarche.',80000,'dresses/Screenshot_2024-06-01_154151.png',1);
INSERT INTO "shop_dress" VALUES(4,'Robe noir foncée','Fabriquée à partir d''un tissu de qualité supérieure, cette robe vous offre un confort exceptionnel tout en mettant en valeur votre silhouette. Sa couleur noire foncée apporte une touche de mystère et de glamour à votre look. La robe est conçue pour flatter votre corps avec une coupe ajustée qui souligne vos courbes de manière flatteuse.

Le design de cette robe noire foncée est à la fois simple et élégant. Elle arbore une encolure dégagée qui met en valeur votre décolleté avec subtilité, tandis que sa longueur peut varier selon vos préférences, allant d''une robe courte et audacieuse à une robe longue et sophistiquée.',250000,'dresses/Screenshot_2024-06-01_154159.png',1);
INSERT INTO "shop_dress" VALUES(5,'Robe noir cirée','Découvrez notre magnifique robe noire cirée, un choix audacieux et tendance pour les femmes qui veulent se démarquer avec style ! Cette robe est conçue pour celles qui aiment l''allure chic et moderne associée à une touche d''audace.

Fabriquée à partir d''un tissu ciré de haute qualité, cette robe noire offre un aspect brillant et lustré qui lui confère une allure unique. La finition cirée crée un effet cuir qui ajoute une touche de rock et d''edginess à votre tenue. Le tissu est également résistant et durable, garantissant une robe qui durera dans le temps.

Le design de cette robe noire cirée est à la fois élégant et sexy. Elle peut être ajustée ou avoir une coupe légèrement évasée, selon vos préférences. Les détails comme les découpes, les fermetures éclair ou les lacets ajoutent une touche de modernité et de sophistication à la robe.',78000,'dresses/Screenshot_2024-06-01_154146.png',1);
CREATE UNIQUE INDEX "auth_group_permissions_group_id_permission_id_0cd325b0_uniq" ON "auth_group_permissions" ("group_id", "permission_id");
CREATE INDEX IF NOT EXISTS "auth_group_permissions_group_id_b120cbf9" ON "auth_group_permissions" ("group_id");
CREATE INDEX IF NOT EXISTS "auth_group_permissions_permission_id_84c5c92e" ON "auth_group_permissions" ("permission_id");
CREATE UNIQUE INDEX "auth_user_groups_user_id_group_id_94350c0c_uniq" ON "auth_user_groups" ("user_id", "group_id");
CREATE INDEX IF NOT EXISTS "auth_user_groups_user_id_6a12ed8b" ON "auth_user_groups" ("user_id");
CREATE INDEX IF NOT EXISTS "auth_user_groups_group_id_97559544" ON "auth_user_groups" ("group_id");
CREATE UNIQUE INDEX "auth_user_user_permissions_user_id_permission_id_14a6b632_uniq" ON "auth_user_user_permissions" ("user_id", "permission_id");
CREATE INDEX IF NOT EXISTS "auth_user_user_permissions_user_id_a95ead1b" ON "auth_user_user_permissions" ("user_id");
CREATE INDEX IF NOT EXISTS "auth_user_user_permissions_permission_id_1fbb5f2c" ON "auth_user_user_permissions" ("permission_id");
CREATE INDEX IF NOT EXISTS "django_admin_log_content_type_id_c4bce8eb" ON "django_admin_log" ("content_type_id");
CREATE INDEX IF NOT EXISTS "django_admin_log_user_id_c564eba6" ON "django_admin_log" ("user_id");
CREATE UNIQUE INDEX "django_content_type_app_label_model_76bd3d3b_uniq" ON "django_content_type" ("app_label", "model");
CREATE UNIQUE INDEX "auth_permission_content_type_id_codename_01ab375a_uniq" ON "auth_permission" ("content_type_id", "codename");
CREATE INDEX IF NOT EXISTS "auth_permission_content_type_id_2f476e4b" ON "auth_permission" ("content_type_id");
CREATE INDEX IF NOT EXISTS "django_session_expire_date_a5c62663" ON "django_session" ("expire_date");
CREATE INDEX IF NOT EXISTS "shop_measurement_dress_id_71ffe354" ON "shop_measurement" ("dress_id");
CREATE INDEX IF NOT EXISTS "shop_measurement_user_id_0bd2e20d" ON "shop_measurement" ("user_id");
CREATE INDEX IF NOT EXISTS "shop_dress_tailor_id_792867ea" ON "shop_dress" ("tailor_id");
CREATE TABLE IF NOT EXISTS "shop_measurement" ("id" integer NOT NULL PRIMARY KEY AUTOINCREMENT, "measurements" text NOT NULL CHECK ((JSON_VALID("measurements") OR "measurements" IS NULL)), "submitted_at" datetime NOT NULL, "dress_id" bigint NOT NULL REFERENCES "shop_dress" ("id") DEFERRABLE INITIALLY DEFERRED, "user_id" integer NOT NULL REFERENCES "auth_user" ("id") DEFERRABLE INITIALLY DEFERRED);
INSERT INTO "shop_measurement" VALUES(1,'"h= 13\r\nw = 17"','2024-06-02 05:54:59.629850',5,3);
INSERT INTO "shop_measurement" VALUES(2,'""','2024-06-02 09:31:14.285982',3,3);
CREATE UNIQUE INDEX "auth_group_permissions_group_id_permission_id_0cd325b0_uniq" ON "auth_group_permissions" ("group_id", "permission_id");
CREATE INDEX IF NOT EXISTS "auth_group_permissions_group_id_b120cbf9" ON "auth_group_permissions" ("group_id");
CREATE INDEX IF NOT EXISTS "auth_group_permissions_permission_id_84c5c92e" ON "auth_group_permissions" ("permission_id");
CREATE UNIQUE INDEX "auth_user_groups_user_id_group_id_94350c0c_uniq" ON "auth_user_groups" ("user_id", "group_id");
CREATE INDEX IF NOT EXISTS "auth_user_groups_user_id_6a12ed8b" ON "auth_user_groups" ("user_id");
CREATE INDEX IF NOT EXISTS "auth_user_groups_group_id_97559544" ON "auth_user_groups" ("group_id");
CREATE UNIQUE INDEX "auth_user_user_permissions_user_id_permission_id_14a6b632_uniq" ON "auth_user_user_permissions" ("user_id", "permission_id");
CREATE INDEX IF NOT EXISTS "auth_user_user_permissions_user_id_a95ead1b" ON "auth_user_user_permissions" ("user_id");
CREATE INDEX IF NOT EXISTS "auth_user_user_permissions_permission_id_1fbb5f2c" ON "auth_user_user_permissions" ("permission_id");
CREATE INDEX IF NOT EXISTS "django_admin_log_content_type_id_c4bce8eb" ON "django_admin_log" ("content_type_id");
CREATE INDEX IF NOT EXISTS "django_admin_log_user_id_c564eba6" ON "django_admin_log" ("user_id");
CREATE UNIQUE INDEX "django_content_type_app_label_model_76bd3d3b_uniq" ON "django_content_type" ("app_label", "model");
CREATE UNIQUE INDEX "auth_permission_content_type_id_codename_01ab375a_uniq" ON "auth_permission" ("content_type_id", "codename");
CREATE INDEX IF NOT EXISTS "auth_permission_content_type_id_2f476e4b" ON "auth_permission" ("content_type_id");
CREATE INDEX IF NOT EXISTS "django_session_expire_date_a5c62663" ON "django_session" ("expire_date");
CREATE INDEX IF NOT EXISTS "shop_measurement_dress_id_71ffe354" ON "shop_measurement" ("dress_id");
CREATE INDEX IF NOT EXISTS "shop_measurement_user_id_0bd2e20d" ON "shop_measurement" ("user_id");
CREATE INDEX IF NOT EXISTS "shop_dress_tailor_id_792867ea" ON "shop_dress" ("tailor_id");
CREATE TABLE IF NOT EXISTS "shop_tailor" ("id" integer NOT NULL PRIMARY KEY AUTOINCREMENT, "bio" text NOT NULL, "user_id" integer NOT NULL UNIQUE REFERENCES "auth_user" ("id") DEFERRABLE INITIALLY DEFERRED);
INSERT INTO "shop_tailor" VALUES(1,'Guicci , AudemarPike, Rolex',3);
CREATE UNIQUE INDEX "auth_group_permissions_group_id_permission_id_0cd325b0_uniq" ON "auth_group_permissions" ("group_id", "permission_id");
CREATE INDEX IF NOT EXISTS "auth_group_permissions_group_id_b120cbf9" ON "auth_group_permissions" ("group_id");
CREATE INDEX IF NOT EXISTS "auth_group_permissions_permission_id_84c5c92e" ON "auth_group_permissions" ("permission_id");
CREATE UNIQUE INDEX "auth_user_groups_user_id_group_id_94350c0c_uniq" ON "auth_user_groups" ("user_id", "group_id");
CREATE INDEX IF NOT EXISTS "auth_user_groups_user_id_6a12ed8b" ON "auth_user_groups" ("user_id");
CREATE INDEX IF NOT EXISTS "auth_user_groups_group_id_97559544" ON "auth_user_groups" ("group_id");
CREATE UNIQUE INDEX "auth_user_user_permissions_user_id_permission_id_14a6b632_uniq" ON "auth_user_user_permissions" ("user_id", "permission_id");
CREATE INDEX IF NOT EXISTS "auth_user_user_permissions_user_id_a95ead1b" ON "auth_user_user_permissions" ("user_id");
CREATE INDEX IF NOT EXISTS "auth_user_user_permissions_permission_id_1fbb5f2c" ON "auth_user_user_permissions" ("permission_id");
CREATE INDEX IF NOT EXISTS "django_admin_log_content_type_id_c4bce8eb" ON "django_admin_log" ("content_type_id");
CREATE INDEX IF NOT EXISTS "django_admin_log_user_id_c564eba6" ON "django_admin_log" ("user_id");
CREATE UNIQUE INDEX "django_content_type_app_label_model_76bd3d3b_uniq" ON "django_content_type" ("app_label", "model");
CREATE UNIQUE INDEX "auth_permission_content_type_id_codename_01ab375a_uniq" ON "auth_permission" ("content_type_id", "codename");
CREATE INDEX IF NOT EXISTS "auth_permission_content_type_id_2f476e4b" ON "auth_permission" ("content_type_id");
CREATE INDEX IF NOT EXISTS "django_session_expire_date_a5c62663" ON "django_session" ("expire_date");
CREATE INDEX IF NOT EXISTS "shop_measurement_dress_id_71ffe354" ON "shop_measurement" ("dress_id");
CREATE INDEX IF NOT EXISTS "shop_measurement_user_id_0bd2e20d" ON "shop_measurement" ("user_id");
CREATE INDEX IF NOT EXISTS "shop_dress_tailor_id_792867ea" ON "shop_dress" ("tailor_id");
